keyword,frequency,year
2D Slices,0,1990
2D Slices,1,1991
2D Slices,0,1992
2D Slices,0,1993
2D Slices,0,1994
2D Slices,0,1995
2D Slices,0,1996
2D Slices,0,1997
2D Slices,0,1998
2D Slices,0,1999
2D Slices,0,2000
2D Slices,0,2001
2D Slices,0,2002
2D Slices,0,2003
2D Slices,0,2004
2D Slices,0,2005
2D Slices,0,2006
2D Slices,0,2007
2D Slices,0,2008
2D Slices,0,2009
2D Slices,0,2010
2D Slices,0,2011
2D Slices,0,2012
2D Slices,0,2013
2D Slices,0,2014
2D Slices,0,2015
3D Vector Fields,0,1990
3D Vector Fields,2,1991
3D Vector Fields,0,1992
3D Vector Fields,0,1993
3D Vector Fields,0,1994
3D Vector Fields,0,1995
3D Vector Fields,0,1996
3D Vector Fields,0,1997
3D Vector Fields,0,1998
3D Vector Fields,0,1999
3D Vector Fields,0,2000
3D Vector Fields,0,2001
3D Vector Fields,0,2002
3D Vector Fields,0,2003
3D Vector Fields,0,2004
3D Vector Fields,0,2005
3D Vector Fields,0,2006
3D Vector Fields,0,2007
3D Vector Fields,0,2008
3D Vector Fields,0,2009
3D Vector Fields,0,2010
3D Vector Fields,0,2011
3D Vector Fields,0,2012
3D Vector Fields,0,2013
3D Vector Fields,0,2014
3D Vector Fields,0,2015
3D Visualization,0,1990
3D Visualization,0,1991
3D Visualization,0,1992
3D Visualization,0,1993
3D Visualization,2,1994
3D Visualization,0,1995
3D Visualization,0,1996
3D Visualization,0,1997
3D Visualization,0,1998
3D Visualization,0,1999
3D Visualization,0,2000
3D Visualization,0,2001
3D Visualization,0,2002
3D Visualization,0,2003
3D Visualization,0,2004
3D Visualization,0,2005
3D Visualization,0,2006
3D Visualization,0,2007
3D Visualization,0,2008
3D Visualization,0,2009
3D Visualization,0,2010
3D Visualization,0,2011
3D Visualization,0,2012
3D Visualization,0,2013
3D Visualization,0,2014
3D Visualization,0,2015
Acceleration,0,1990
Acceleration,0,1991
Acceleration,0,1992
Acceleration,0,1993
Acceleration,0,1994
Acceleration,0,1995
Acceleration,0,1996
Acceleration,0,1997
Acceleration,0,1998
Acceleration,0,1999
Acceleration,0,2000
Acceleration,0,2001
Acceleration,0,2002
Acceleration,8,2003
Acceleration,0,2004
Acceleration,0,2005
Acceleration,0,2006
Acceleration,0,2007
Acceleration,0,2008
Acceleration,0,2009
Acceleration,0,2010
Acceleration,0,2011
Acceleration,0,2012
Acceleration,0,2013
Acceleration,0,2014
Acceleration,0,2015
Algorithm,0,1990
Algorithm,0,1991
Algorithm,0,1992
Algorithm,4,1993
Algorithm,0,1994
Algorithm,0,1995
Algorithm,0,1996
Algorithm,0,1997
Algorithm,0,1998
Algorithm,0,1999
Algorithm,0,2000
Algorithm,0,2001
Algorithm,0,2002
Algorithm,0,2003
Algorithm,0,2004
Algorithm,0,2005
Algorithm,0,2006
Algorithm,0,2007
Algorithm,0,2008
Algorithm,0,2009
Algorithm,0,2010
Algorithm,0,2011
Algorithm,0,2012
Algorithm,0,2013
Algorithm,0,2014
Algorithm,0,2015
Algorithms,0,1990
Algorithms,0,1991
Algorithms,0,1992
Algorithms,0,1993
Algorithms,0,1994
Algorithms,0,1995
Algorithms,0,1996
Algorithms,0,1997
Algorithms,0,1998
Algorithms,0,1999
Algorithms,0,2000
Algorithms,0,2001
Algorithms,0,2002
Algorithms,0,2003
Algorithms,0,2004
Algorithms,0,2005
Algorithms,26,2006
Algorithms,0,2007
Algorithms,0,2008
Algorithms,0,2009
Algorithms,0,2010
Algorithms,9,2011
Algorithms,0,2012
Algorithms,72,2013
Algorithms,0,2014
Algorithms,0,2015
Animation,10,1990
Animation,0,1991
Animation,4,1992
Animation,3,1993
Animation,0,1994
Animation,0,1995
Animation,0,1996
Animation,0,1997
Animation,0,1998
Animation,0,1999
Animation,0,2000
Animation,0,2001
Animation,0,2002
Animation,0,2003
Animation,0,2004
Animation,0,2005
Animation,9,2006
Animation,7,2007
Animation,4,2008
Animation,0,2009
Animation,0,2010
Animation,0,2011
Animation,0,2012
Animation,0,2013
Animation,0,2014
Animation,2,2015
Anthropology,0,1990
Anthropology,0,1991
Anthropology,2,1992
Anthropology,0,1993
Anthropology,0,1994
Anthropology,0,1995
Anthropology,0,1996
Anthropology,0,1997
Anthropology,0,1998
Anthropology,0,1999
Anthropology,0,2000
Anthropology,0,2001
Anthropology,0,2002
Anthropology,0,2003
Anthropology,0,2004
Anthropology,0,2005
Anthropology,0,2006
Anthropology,0,2007
Anthropology,0,2008
Anthropology,0,2009
Anthropology,0,2010
Anthropology,0,2011
Anthropology,0,2012
Anthropology,0,2013
Anthropology,0,2014
Anthropology,0,2015
Architecture,0,1990
Architecture,0,1991
Architecture,0,1992
Architecture,3,1993
Architecture,0,1994
Architecture,0,1995
Architecture,0,1996
Architecture,0,1997
Architecture,0,1998
Architecture,0,1999
Architecture,0,2000
Architecture,0,2001
Architecture,0,2002
Architecture,0,2003
Architecture,0,2004
Architecture,0,2005
Architecture,0,2006
Architecture,0,2007
Architecture,0,2008
Architecture,0,2009
Architecture,0,2010
Architecture,0,2011
Architecture,0,2012
Architecture,0,2013
Architecture,0,2014
Architecture,4,2015
Art,0,1990
Art,0,1991
Art,0,1992
Art,0,1993
Art,0,1994
Art,0,1995
Art,0,1996
Art,0,1997
Art,4,1998
Art,2,1999
Art,0,2000
Art,0,2001
Art,0,2002
Art,0,2003
Art,5,2004
Art,0,2005
Art,2,2006
Art,0,2007
Art,3,2008
Art,3,2009
Art,0,2010
Art,3,2011
Art,0,2012
Art,0,2013
Art,0,2014
Art,0,2015
Brain,0,1990
Brain,0,1991
Brain,0,1992
Brain,2,1993
Brain,0,1994
Brain,0,1995
Brain,0,1996
Brain,0,1997
Brain,0,1998
Brain,0,1999
Brain,0,2000
Brain,2,2001
Brain,0,2002
Brain,0,2003
Brain,2,2004
Brain,0,2005
Brain,0,2006
Brain,6,2007
Brain,0,2008
Brain,9,2009
Brain,0,2010
Brain,0,2011
Brain,0,2012
Brain,0,2013
Brain,0,2014
Brain,0,2015
Browsing,0,1990
Browsing,0,1991
Browsing,0,1992
Browsing,0,1993
Browsing,0,1994
Browsing,2,1995
Browsing,0,1996
Browsing,0,1997
Browsing,3,1998
Browsing,0,1999
Browsing,0,2000
Browsing,0,2001
Browsing,0,2002
Browsing,0,2003
Browsing,0,2004
Browsing,0,2005
Browsing,0,2006
Browsing,0,2007
Browsing,0,2008
Browsing,0,2009
Browsing,0,2010
Browsing,0,2011
Browsing,0,2012
Browsing,0,2013
Browsing,0,2014
Browsing,0,2015
Case Study,0,1990
Case Study,0,1991
Case Study,0,1992
Case Study,0,1993
Case Study,0,1994
Case Study,0,1995
Case Study,0,1996
Case Study,2,1997
Case Study,2,1998
Case Study,3,1999
Case Study,4,2000
Case Study,0,2001
Case Study,0,2002
Case Study,0,2003
Case Study,0,2004
Case Study,0,2005
Case Study,0,2006
Case Study,0,2007
Case Study,0,2008
Case Study,0,2009
Case Study,0,2010
Case Study,0,2011
Case Study,0,2012
Case Study,0,2013
Case Study,0,2014
Case Study,0,2015
Chromium,0,1990
Chromium,0,1991
Chromium,0,1992
Chromium,0,1993
Chromium,0,1994
Chromium,0,1995
Chromium,0,1996
Chromium,0,1997
Chromium,0,1998
Chromium,0,1999
Chromium,0,2000
Chromium,0,2001
Chromium,0,2002
Chromium,0,2003
Chromium,0,2004
Chromium,39,2005
Chromium,0,2006
Chromium,0,2007
Chromium,0,2008
Chromium,0,2009
Chromium,0,2010
Chromium,0,2011
Chromium,0,2012
Chromium,0,2013
Chromium,0,2014
Chromium,0,2015
Clustering,0,1990
Clustering,0,1991
Clustering,0,1992
Clustering,0,1993
Clustering,0,1994
Clustering,0,1995
Clustering,0,1996
Clustering,0,1997
Clustering,0,1998
Clustering,0,1999
Clustering,0,2000
Clustering,0,2001
Clustering,0,2002
Clustering,0,2003
Clustering,4,2004
Clustering,0,2005
Clustering,0,2006
Clustering,0,2007
Clustering,3,2008
Clustering,2,2009
Clustering,0,2010
Clustering,0,2011
Clustering,2,2012
Clustering,2,2013
Clustering,0,2014
Clustering,5,2015
Cognition,0,1990
Cognition,0,1991
Cognition,0,1992
Cognition,0,1993
Cognition,0,1994
Cognition,0,1995
Cognition,0,1996
Cognition,0,1997
Cognition,0,1998
Cognition,0,1999
Cognition,0,2000
Cognition,0,2001
Cognition,0,2002
Cognition,0,2003
Cognition,0,2004
Cognition,0,2005
Cognition,0,2006
Cognition,0,2007
Cognition,9,2008
Cognition,0,2009
Cognition,0,2010
Cognition,0,2011
Cognition,0,2012
Cognition,0,2013
Cognition,0,2014
Cognition,0,2015
Collaboration,0,1990
Collaboration,0,1991
Collaboration,0,1992
Collaboration,0,1993
Collaboration,0,1994
Collaboration,0,1995
Collaboration,0,1996
Collaboration,0,1997
Collaboration,0,1998
Collaboration,0,1999
Collaboration,0,2000
Collaboration,0,2001
Collaboration,0,2002
Collaboration,0,2003
Collaboration,0,2004
Collaboration,0,2005
Collaboration,0,2006
Collaboration,0,2007
Collaboration,3,2008
Collaboration,8,2009
Collaboration,0,2010
Collaboration,0,2011
Collaboration,5,2012
Collaboration,0,2013
Collaboration,0,2014
Collaboration,0,2015
Color,2,1990
Color,0,1991
Color,3,1992
Color,0,1993
Color,0,1994
Color,0,1995
Color,0,1996
Color,2,1997
Color,0,1998
Color,0,1999
Color,2,2000
Color,0,2001
Color,0,2002
Color,0,2003
Color,4,2004
Color,0,2005
Color,2,2006
Color,0,2007
Color,2,2008
Color,4,2009
Color,6,2010
Color,0,2011
Color,0,2012
Color,0,2013
Color,0,2014
Color,8,2015
Computational Fluid Dynamics,2,1990
Computational Fluid Dynamics,2,1991
Computational Fluid Dynamics,0,1992
Computational Fluid Dynamics,0,1993
Computational Fluid Dynamics,2,1994
Computational Fluid Dynamics,0,1995
Computational Fluid Dynamics,0,1996
Computational Fluid Dynamics,2,1997
Computational Fluid Dynamics,10,1998
Computational Fluid Dynamics,0,1999
Computational Fluid Dynamics,0,2000
Computational Fluid Dynamics,0,2001
Computational Fluid Dynamics,0,2002
Computational Fluid Dynamics,0,2003
Computational Fluid Dynamics,0,2004
Computational Fluid Dynamics,0,2005
Computational Fluid Dynamics,0,2006
Computational Fluid Dynamics,0,2007
Computational Fluid Dynamics,0,2008
Computational Fluid Dynamics,0,2009
Computational Fluid Dynamics,0,2010
Computational Fluid Dynamics,0,2011
Computational Fluid Dynamics,0,2012
Computational Fluid Dynamics,0,2013
Computational Fluid Dynamics,0,2014
Computational Fluid Dynamics,0,2015
Computational Fluid Dynamics Visualization,0,1990
Computational Fluid Dynamics Visualization,0,1991
Computational Fluid Dynamics Visualization,0,1992
Computational Fluid Dynamics Visualization,0,1993
Computational Fluid Dynamics Visualization,2,1994
Computational Fluid Dynamics Visualization,0,1995
Computational Fluid Dynamics Visualization,0,1996
Computational Fluid Dynamics Visualization,0,1997
Computational Fluid Dynamics Visualization,0,1998
Computational Fluid Dynamics Visualization,0,1999
Computational Fluid Dynamics Visualization,0,2000
Computational Fluid Dynamics Visualization,0,2001
Computational Fluid Dynamics Visualization,0,2002
Computational Fluid Dynamics Visualization,0,2003
Computational Fluid Dynamics Visualization,0,2004
Computational Fluid Dynamics Visualization,0,2005
Computational Fluid Dynamics Visualization,0,2006
Computational Fluid Dynamics Visualization,0,2007
Computational Fluid Dynamics Visualization,0,2008
Computational Fluid Dynamics Visualization,0,2009
Computational Fluid Dynamics Visualization,0,2010
Computational Fluid Dynamics Visualization,0,2011
Computational Fluid Dynamics Visualization,0,2012
Computational Fluid Dynamics Visualization,0,2013
Computational Fluid Dynamics Visualization,0,2014
Computational Fluid Dynamics Visualization,0,2015
Computed Tomography,0,1990
Computed Tomography,0,1991
Computed Tomography,0,1992
Computed Tomography,0,1993
Computed Tomography,0,1994
Computed Tomography,0,1995
Computed Tomography,0,1996
Computed Tomography,0,1997
Computed Tomography,0,1998
Computed Tomography,0,1999
Computed Tomography,0,2000
Computed Tomography,3,2001
Computed Tomography,2,2002
Computed Tomography,0,2003
Computed Tomography,0,2004
Computed Tomography,0,2005
Computed Tomography,0,2006
Computed Tomography,0,2007
Computed Tomography,0,2008
Computed Tomography,0,2009
Computed Tomography,0,2010
Computed Tomography,0,2011
Computed Tomography,0,2012
Computed Tomography,0,2013
Computed Tomography,0,2014
Computed Tomography,0,2015
Computer Animation,0,1990
Computer Animation,0,1991
Computer Animation,0,1992
Computer Animation,0,1993
Computer Animation,0,1994
Computer Animation,0,1995
Computer Animation,0,1996
Computer Animation,0,1997
Computer Animation,0,1998
Computer Animation,8,1999
Computer Animation,0,2000
Computer Animation,0,2001
Computer Animation,0,2002
Computer Animation,0,2003
Computer Animation,0,2004
Computer Animation,0,2005
Computer Animation,0,2006
Computer Animation,0,2007
Computer Animation,0,2008
Computer Animation,0,2009
Computer Animation,0,2010
Computer Animation,0,2011
Computer Animation,0,2012
Computer Animation,0,2013
Computer Animation,0,2014
Computer Animation,0,2015
Computer Displays,0,1990
Computer Displays,0,1991
Computer Displays,0,1992
Computer Displays,0,1993
Computer Displays,0,1994
Computer Displays,0,1995
Computer Displays,0,1996
Computer Displays,0,1997
Computer Displays,0,1998
Computer Displays,0,1999
Computer Displays,0,2000
Computer Displays,0,2001
Computer Displays,0,2002
Computer Displays,6,2003
Computer Displays,0,2004
Computer Displays,0,2005
Computer Displays,0,2006
Computer Displays,0,2007
Computer Displays,0,2008
Computer Displays,0,2009
Computer Displays,0,2010
Computer Displays,0,2011
Computer Displays,0,2012
Computer Displays,0,2013
Computer Displays,0,2014
Computer Displays,0,2015
Computer Graphics,0,1990
Computer Graphics,0,1991
Computer Graphics,0,1992
Computer Graphics,0,1993
Computer Graphics,0,1994
Computer Graphics,0,1995
Computer Graphics,0,1996
Computer Graphics,0,1997
Computer Graphics,0,1998
Computer Graphics,0,1999
Computer Graphics,0,2000
Computer Graphics,0,2001
Computer Graphics,11,2002
Computer Graphics,0,2003
Computer Graphics,0,2004
Computer Graphics,0,2005
Computer Graphics,0,2006
Computer Graphics,0,2007
Computer Graphics,0,2008
Computer Graphics,0,2009
Computer Graphics,0,2010
Computer Graphics,0,2011
Computer Graphics,0,2012
Computer Graphics,0,2013
Computer Graphics,0,2014
Computer Graphics,0,2015
Context,0,1990
Context,0,1991
Context,0,1992
Context,0,1993
Context,0,1994
Context,0,1995
Context,0,1996
Context,0,1997
Context,0,1998
Context,0,1999
Context,0,2000
Context,0,2001
Context,0,2002
Context,0,2003
Context,0,2004
Context,0,2005
Context,4,2006
Context,2,2007
Context,0,2008
Context,0,2009
Context,18,2010
Context,4,2011
Context,0,2012
Context,0,2013
Context,2,2014
Context,17,2015
Convection,0,1990
Convection,0,1991
Convection,0,1992
Convection,2,1993
Convection,0,1994
Convection,0,1995
Convection,0,1996
Convection,0,1997
Convection,0,1998
Convection,0,1999
Convection,0,2000
Convection,0,2001
Convection,0,2002
Convection,0,2003
Convection,0,2004
Convection,0,2005
Convection,0,2006
Convection,0,2007
Convection,0,2008
Convection,0,2009
Convection,0,2010
Convection,0,2011
Convection,0,2012
Convection,0,2013
Convection,0,2014
Convection,0,2015
Convolution,0,1990
Convolution,0,1991
Convolution,0,1992
Convolution,0,1993
Convolution,0,1994
Convolution,0,1995
Convolution,0,1996
Convolution,3,1997
Convolution,0,1998
Convolution,2,1999
Convolution,0,2000
Convolution,0,2001
Convolution,0,2002
Convolution,0,2003
Convolution,0,2004
Convolution,0,2005
Convolution,0,2006
Convolution,0,2007
Convolution,0,2008
Convolution,0,2009
Convolution,0,2010
Convolution,0,2011
Convolution,0,2012
Convolution,0,2013
Convolution,0,2014
Convolution,0,2015
Correlation,0,1990
Correlation,0,1991
Correlation,0,1992
Correlation,0,1993
Correlation,0,1994
Correlation,0,1995
Correlation,0,1996
Correlation,0,1997
Correlation,0,1998
Correlation,0,1999
Correlation,0,2000
Correlation,0,2001
Correlation,0,2002
Correlation,0,2003
Correlation,0,2004
Correlation,0,2005
Correlation,0,2006
Correlation,0,2007
Correlation,0,2008
Correlation,0,2009
Correlation,0,2010
Correlation,0,2011
Correlation,0,2012
Correlation,0,2013
Correlation,2,2014
Correlation,14,2015
Data Analysis,0,1990
Data Analysis,0,1991
Data Analysis,4,1992
Data Analysis,3,1993
Data Analysis,3,1994
Data Analysis,6,1995
Data Analysis,0,1996
Data Analysis,0,1997
Data Analysis,0,1998
Data Analysis,0,1999
Data Analysis,0,2000
Data Analysis,0,2001
Data Analysis,0,2002
Data Analysis,3,2003
Data Analysis,0,2004
Data Analysis,6,2005
Data Analysis,0,2006
Data Analysis,0,2007
Data Analysis,0,2008
Data Analysis,0,2009
Data Analysis,0,2010
Data Analysis,50,2011
Data Analysis,0,2012
Data Analysis,0,2013
Data Analysis,0,2014
Data Analysis,0,2015
Data Mining,0,1990
Data Mining,0,1991
Data Mining,0,1992
Data Mining,0,1993
Data Mining,0,1994
Data Mining,0,1995
Data Mining,0,1996
Data Mining,0,1997
Data Mining,0,1998
Data Mining,0,1999
Data Mining,0,2000
Data Mining,2,2001
Data Mining,0,2002
Data Mining,0,2003
Data Mining,0,2004
Data Mining,0,2005
Data Mining,0,2006
Data Mining,0,2007
Data Mining,8,2008
Data Mining,0,2009
Data Mining,0,2010
Data Mining,0,2011
Data Mining,0,2012
Data Mining,0,2013
Data Mining,0,2014
Data Mining,0,2015
Data Sets,0,1990
Data Sets,0,1991
Data Sets,0,1992
Data Sets,0,1993
Data Sets,0,1994
Data Sets,0,1995
Data Sets,0,1996
Data Sets,0,1997
Data Sets,2,1998
Data Sets,0,1999
Data Sets,3,2000
Data Sets,0,2001
Data Sets,0,2002
Data Sets,4,2003
Data Sets,0,2004
Data Sets,0,2005
Data Sets,0,2006
Data Sets,0,2007
Data Sets,0,2008
Data Sets,0,2009
Data Sets,0,2010
Data Sets,0,2011
Data Sets,0,2012
Data Sets,0,2013
Data Sets,0,2014
Data Sets,0,2015
Data Structures,0,1990
Data Structures,0,1991
Data Structures,3,1992
Data Structures,0,1993
Data Structures,0,1994
Data Structures,0,1995
Data Structures,0,1996
Data Structures,5,1997
Data Structures,5,1998
Data Structures,0,1999
Data Structures,0,2000
Data Structures,0,2001
Data Structures,0,2002
Data Structures,0,2003
Data Structures,0,2004
Data Structures,0,2005
Data Structures,0,2006
Data Structures,0,2007
Data Structures,0,2008
Data Structures,0,2009
Data Structures,0,2010
Data Structures,0,2011
Data Structures,0,2012
Data Structures,0,2013
Data Structures,0,2014
Data Structures,0,2015
Data Visualization,0,1990
Data Visualization,0,1991
Data Visualization,0,1992
Data Visualization,0,1993
Data Visualization,0,1994
Data Visualization,0,1995
Data Visualization,5,1996
Data Visualization,8,1997
Data Visualization,0,1998
Data Visualization,0,1999
Data Visualization,0,2000
Data Visualization,4,2001
Data Visualization,6,2002
Data Visualization,0,2003
Data Visualization,0,2004
Data Visualization,9,2005
Data Visualization,0,2006
Data Visualization,13,2007
Data Visualization,0,2008
Data Visualization,0,2009
Data Visualization,9,2010
Data Visualization,5,2011
Data Visualization,6,2012
Data Visualization,8,2013
Data Visualization,10,2014
Data Visualization,0,2015
Decision Making,0,1990
Decision Making,0,1991
Decision Making,0,1992
Decision Making,0,1993
Decision Making,0,1994
Decision Making,0,1995
Decision Making,0,1996
Decision Making,0,1997
Decision Making,0,1998
Decision Making,0,1999
Decision Making,0,2000
Decision Making,0,2001
Decision Making,0,2002
Decision Making,0,2003
Decision Making,0,2004
Decision Making,0,2005
Decision Making,0,2006
Decision Making,0,2007
Decision Making,0,2008
Decision Making,0,2009
Decision Making,9,2010
Decision Making,7,2011
Decision Making,0,2012
Decision Making,3,2013
Decision Making,0,2014
Decision Making,3,2015
Design Decisions,0,1990
Design Decisions,0,1991
Design Decisions,2,1992
Design Decisions,0,1993
Design Decisions,0,1994
Design Decisions,0,1995
Design Decisions,0,1996
Design Decisions,0,1997
Design Decisions,0,1998
Design Decisions,0,1999
Design Decisions,0,2000
Design Decisions,0,2001
Design Decisions,0,2002
Design Decisions,0,2003
Design Decisions,0,2004
Design Decisions,0,2005
Design Decisions,0,2006
Design Decisions,0,2007
Design Decisions,0,2008
Design Decisions,0,2009
Design Decisions,0,2010
Design Decisions,0,2011
Design Decisions,0,2012
Design Decisions,0,2013
Design Decisions,0,2014
Design Decisions,0,2015
Diagrams,0,1990
Diagrams,0,1991
Diagrams,0,1992
Diagrams,0,1993
Diagrams,0,1994
Diagrams,0,1995
Diagrams,0,1996
Diagrams,0,1997
Diagrams,0,1998
Diagrams,0,1999
Diagrams,0,2000
Diagrams,0,2001
Diagrams,5,2002
Diagrams,0,2003
Diagrams,0,2004
Diagrams,0,2005
Diagrams,0,2006
Diagrams,0,2007
Diagrams,0,2008
Diagrams,0,2009
Diagrams,0,2010
Diagrams,0,2011
Diagrams,0,2012
Diagrams,0,2013
Diagrams,0,2014
Diagrams,0,2015
Diffusion Tensor Fields,0,1990
Diffusion Tensor Fields,0,1991
Diffusion Tensor Fields,0,1992
Diffusion Tensor Fields,0,1993
Diffusion Tensor Fields,0,1994
Diffusion Tensor Fields,0,1995
Diffusion Tensor Fields,0,1996
Diffusion Tensor Fields,0,1997
Diffusion Tensor Fields,0,1998
Diffusion Tensor Fields,2,1999
Diffusion Tensor Fields,0,2000
Diffusion Tensor Fields,0,2001
Diffusion Tensor Fields,0,2002
Diffusion Tensor Fields,0,2003
Diffusion Tensor Fields,0,2004
Diffusion Tensor Fields,0,2005
Diffusion Tensor Fields,0,2006
Diffusion Tensor Fields,0,2007
Diffusion Tensor Fields,0,2008
Diffusion Tensor Fields,0,2009
Diffusion Tensor Fields,0,2010
Diffusion Tensor Fields,0,2011
Diffusion Tensor Fields,0,2012
Diffusion Tensor Fields,0,2013
Diffusion Tensor Fields,0,2014
Diffusion Tensor Fields,0,2015
Direct Volume Rendering,0,1990
Direct Volume Rendering,0,1991
Direct Volume Rendering,0,1992
Direct Volume Rendering,0,1993
Direct Volume Rendering,0,1994
Direct Volume Rendering,0,1995
Direct Volume Rendering,0,1996
Direct Volume Rendering,0,1997
Direct Volume Rendering,0,1998
Direct Volume Rendering,2,1999
Direct Volume Rendering,0,2000
Direct Volume Rendering,0,2001
Direct Volume Rendering,0,2002
Direct Volume Rendering,7,2003
Direct Volume Rendering,0,2004
Direct Volume Rendering,0,2005
Direct Volume Rendering,0,2006
Direct Volume Rendering,0,2007
Direct Volume Rendering,0,2008
Direct Volume Rendering,0,2009
Direct Volume Rendering,0,2010
Direct Volume Rendering,0,2011
Direct Volume Rendering,0,2012
Direct Volume Rendering,0,2013
Direct Volume Rendering,0,2014
Direct Volume Rendering,0,2015
Display,0,1990
Display,0,1991
Display,0,1992
Display,3,1993
Display,0,1994
Display,0,1995
Display,0,1996
Display,0,1997
Display,0,1998
Display,0,1999
Display,0,2000
Display,0,2001
Display,0,2002
Display,0,2003
Display,0,2004
Display,0,2005
Display,0,2006
Display,0,2007
Display,0,2008
Display,0,2009
Display,0,2010
Display,0,2011
Display,0,2012
Display,0,2013
Display,0,2014
Display,0,2015
Displays,0,1990
Displays,0,1991
Displays,0,1992
Displays,0,1993
Displays,0,1994
Displays,0,1995
Displays,0,1996
Displays,0,1997
Displays,0,1998
Displays,0,1999
Displays,0,2000
Displays,11,2001
Displays,0,2002
Displays,0,2003
Displays,0,2004
Displays,0,2005
Displays,18,2006
Displays,20,2007
Displays,0,2008
Displays,22,2009
Displays,0,2010
Displays,0,2011
Displays,0,2012
Displays,3,2013
Displays,0,2014
Displays,0,2015
Doppler Effect,2,1990
Doppler Effect,0,1991
Doppler Effect,0,1992
Doppler Effect,0,1993
Doppler Effect,0,1994
Doppler Effect,0,1995
Doppler Effect,0,1996
Doppler Effect,0,1997
Doppler Effect,0,1998
Doppler Effect,0,1999
Doppler Effect,0,2000
Doppler Effect,0,2001
Doppler Effect,0,2002
Doppler Effect,0,2003
Doppler Effect,0,2004
Doppler Effect,0,2005
Doppler Effect,0,2006
Doppler Effect,0,2007
Doppler Effect,0,2008
Doppler Effect,0,2009
Doppler Effect,0,2010
Doppler Effect,0,2011
Doppler Effect,0,2012
Doppler Effect,0,2013
Doppler Effect,0,2014
Doppler Effect,0,2015
Earth,0,1990
Earth,0,1991
Earth,0,1992
Earth,0,1993
Earth,0,1994
Earth,0,1995
Earth,0,1996
Earth,0,1997
Earth,2,1998
Earth,3,1999
Earth,0,2000
Earth,0,2001
Earth,3,2002
Earth,0,2003
Earth,0,2004
Earth,0,2005
Earth,0,2006
Earth,0,2007
Earth,0,2008
Earth,0,2009
Earth,0,2010
Earth,0,2011
Earth,5,2012
Earth,0,2013
Earth,0,2014
Earth,0,2015
Emailtime,0,1990
Emailtime,0,1991
Emailtime,0,1992
Emailtime,0,1993
Emailtime,0,1994
Emailtime,0,1995
Emailtime,0,1996
Emailtime,0,1997
Emailtime,0,1998
Emailtime,0,1999
Emailtime,0,2000
Emailtime,0,2001
Emailtime,0,2002
Emailtime,0,2003
Emailtime,0,2004
Emailtime,0,2005
Emailtime,0,2006
Emailtime,0,2007
Emailtime,0,2008
Emailtime,0,2009
Emailtime,4,2010
Emailtime,0,2011
Emailtime,0,2012
Emailtime,0,2013
Emailtime,0,2014
Emailtime,0,2015
Encoding,0,1990
Encoding,0,1991
Encoding,0,1992
Encoding,0,1993
Encoding,0,1994
Encoding,0,1995
Encoding,0,1996
Encoding,0,1997
Encoding,0,1998
Encoding,0,1999
Encoding,0,2000
Encoding,0,2001
Encoding,0,2002
Encoding,0,2003
Encoding,0,2004
Encoding,0,2005
Encoding,0,2006
Encoding,0,2007
Encoding,0,2008
Encoding,0,2009
Encoding,0,2010
Encoding,0,2011
Encoding,0,2012
Encoding,0,2013
Encoding,12,2014
Encoding,18,2015
Epidemics,0,1990
Epidemics,0,1991
Epidemics,0,1992
Epidemics,0,1993
Epidemics,0,1994
Epidemics,0,1995
Epidemics,0,1996
Epidemics,0,1997
Epidemics,0,1998
Epidemics,0,1999
Epidemics,0,2000
Epidemics,0,2001
Epidemics,0,2002
Epidemics,0,2003
Epidemics,0,2004
Epidemics,0,2005
Epidemics,0,2006
Epidemics,0,2007
Epidemics,0,2008
Epidemics,0,2009
Epidemics,0,2010
Epidemics,5,2011
Epidemics,0,2012
Epidemics,0,2013
Epidemics,0,2014
Epidemics,0,2015
Evaluation,0,1990
Evaluation,0,1991
Evaluation,0,1992
Evaluation,0,1993
Evaluation,0,1994
Evaluation,0,1995
Evaluation,0,1996
Evaluation,0,1997
Evaluation,0,1998
Evaluation,0,1999
Evaluation,0,2000
Evaluation,0,2001
Evaluation,0,2002
Evaluation,0,2003
Evaluation,0,2004
Evaluation,0,2005
Evaluation,0,2006
Evaluation,0,2007
Evaluation,3,2008
Evaluation,0,2009
Evaluation,0,2010
Evaluation,0,2011
Evaluation,7,2012
Evaluation,2,2013
Evaluation,0,2014
Evaluation,4,2015
Feature Extraction,0,1990
Feature Extraction,0,1991
Feature Extraction,0,1992
Feature Extraction,2,1993
Feature Extraction,0,1994
Feature Extraction,0,1995
Feature Extraction,0,1996
Feature Extraction,0,1997
Feature Extraction,8,1998
Feature Extraction,0,1999
Feature Extraction,0,2000
Feature Extraction,4,2001
Feature Extraction,0,2002
Feature Extraction,0,2003
Feature Extraction,0,2004
Feature Extraction,10,2005
Feature Extraction,0,2006
Feature Extraction,0,2007
Feature Extraction,0,2008
Feature Extraction,0,2009
Feature Extraction,0,2010
Feature Extraction,0,2011
Feature Extraction,0,2012
Feature Extraction,0,2013
Feature Extraction,0,2014
Feature Extraction,0,2015
Flow Simulation,0,1990
Flow Simulation,0,1991
Flow Simulation,0,1992
Flow Simulation,4,1993
Flow Simulation,0,1994
Flow Simulation,0,1995
Flow Simulation,0,1996
Flow Simulation,0,1997
Flow Simulation,0,1998
Flow Simulation,0,1999
Flow Simulation,0,2000
Flow Simulation,0,2001
Flow Simulation,0,2002
Flow Simulation,0,2003
Flow Simulation,0,2004
Flow Simulation,0,2005
Flow Simulation,0,2006
Flow Simulation,0,2007
Flow Simulation,0,2008
Flow Simulation,0,2009
Flow Simulation,0,2010
Flow Simulation,0,2011
Flow Simulation,0,2012
Flow Simulation,0,2013
Flow Simulation,0,2014
Flow Simulation,0,2015
Flow Visualization,0,1990
Flow Visualization,0,1991
Flow Visualization,0,1992
Flow Visualization,0,1993
Flow Visualization,2,1994
Flow Visualization,0,1995
Flow Visualization,2,1996
Flow Visualization,0,1997
Flow Visualization,0,1998
Flow Visualization,2,1999
Flow Visualization,0,2000
Flow Visualization,3,2001
Flow Visualization,0,2002
Flow Visualization,5,2003
Flow Visualization,9,2004
Flow Visualization,0,2005
Flow Visualization,0,2006
Flow Visualization,0,2007
Flow Visualization,0,2008
Flow Visualization,0,2009
Flow Visualization,0,2010
Flow Visualization,0,2011
Flow Visualization,0,2012
Flow Visualization,0,2013
Flow Visualization,0,2014
Flow Visualization,0,2015
Geometry,0,1990
Geometry,0,1991
Geometry,0,1992
Geometry,0,1993
Geometry,0,1994
Geometry,0,1995
Geometry,0,1996
Geometry,0,1997
Geometry,0,1998
Geometry,0,1999
Geometry,3,2000
Geometry,0,2001
Geometry,0,2002
Geometry,0,2003
Geometry,0,2004
Geometry,0,2005
Geometry,0,2006
Geometry,0,2007
Geometry,6,2008
Geometry,0,2009
Geometry,0,2010
Geometry,0,2011
Geometry,4,2012
Geometry,2,2013
Geometry,2,2014
Geometry,0,2015
Gpu,0,1990
Gpu,0,1991
Gpu,0,1992
Gpu,0,1993
Gpu,0,1994
Gpu,0,1995
Gpu,0,1996
Gpu,0,1997
Gpu,0,1998
Gpu,0,1999
Gpu,0,2000
Gpu,0,2001
Gpu,0,2002
Gpu,3,2003
Gpu,0,2004
Gpu,5,2005
Gpu,0,2006
Gpu,4,2007
Gpu,2,2008
Gpu,11,2009
Gpu,0,2010
Gpu,0,2011
Gpu,0,2012
Gpu,0,2013
Gpu,0,2014
Gpu,2,2015
Graphics,0,1990
Graphics,0,1991
Graphics,0,1992
Graphics,2,1993
Graphics,0,1994
Graphics,0,1995
Graphics,10,1996
Graphics,0,1997
Graphics,0,1998
Graphics,0,1999
Graphics,0,2000
Graphics,0,2001
Graphics,0,2002
Graphics,0,2003
Graphics,0,2004
Graphics,0,2005
Graphics,9,2006
Graphics,14,2007
Graphics,0,2008
Graphics,0,2009
Graphics,0,2010
Graphics,8,2011
Graphics,0,2012
Graphics,0,2013
Graphics,0,2014
Graphics,0,2015
Graphics Hardware,0,1990
Graphics Hardware,0,1991
Graphics Hardware,0,1992
Graphics Hardware,0,1993
Graphics Hardware,0,1994
Graphics Hardware,0,1995
Graphics Hardware,0,1996
Graphics Hardware,0,1997
Graphics Hardware,0,1998
Graphics Hardware,2,1999
Graphics Hardware,0,2000
Graphics Hardware,0,2001
Graphics Hardware,0,2002
Graphics Hardware,7,2003
Graphics Hardware,2,2004
Graphics Hardware,8,2005
Graphics Hardware,0,2006
Graphics Hardware,0,2007
Graphics Hardware,0,2008
Graphics Hardware,0,2009
Graphics Hardware,0,2010
Graphics Hardware,0,2011
Graphics Hardware,0,2012
Graphics Hardware,0,2013
Graphics Hardware,0,2014
Graphics Hardware,0,2015
Hardware,0,1990
Hardware,0,1991
Hardware,0,1992
Hardware,0,1993
Hardware,0,1994
Hardware,0,1995
Hardware,0,1996
Hardware,0,1997
Hardware,0,1998
Hardware,0,1999
Hardware,8,2000
Hardware,9,2001
Hardware,0,2002
Hardware,20,2003
Hardware,15,2004
Hardware,16,2005
Hardware,7,2006
Hardware,7,2007
Hardware,0,2008
Hardware,0,2009
Hardware,0,2010
Hardware,0,2011
Hardware,0,2012
Hardware,0,2013
Hardware,0,2014
Hardware,0,2015
Histograms,0,1990
Histograms,0,1991
Histograms,0,1992
Histograms,0,1993
Histograms,0,1994
Histograms,0,1995
Histograms,0,1996
Histograms,0,1997
Histograms,0,1998
Histograms,0,1999
Histograms,0,2000
Histograms,0,2001
Histograms,0,2002
Histograms,0,2003
Histograms,0,2004
Histograms,0,2005
Histograms,2,2006
Histograms,0,2007
Histograms,6,2008
Histograms,0,2009
Histograms,0,2010
Histograms,5,2011
Histograms,4,2012
Histograms,8,2013
Histograms,0,2014
Histograms,0,2015
History,0,1990
History,0,1991
History,0,1992
History,0,1993
History,0,1994
History,0,1995
History,2,1996
History,0,1997
History,0,1998
History,0,1999
History,0,2000
History,0,2001
History,0,2002
History,0,2003
History,10,2004
History,0,2005
History,0,2006
History,10,2007
History,0,2008
History,0,2009
History,0,2010
History,0,2011
History,4,2012
History,2,2013
History,0,2014
History,5,2015
Information Visualisation,0,1990
Information Visualisation,0,1991
Information Visualisation,0,1992
Information Visualisation,0,1993
Information Visualisation,0,1994
Information Visualisation,3,1995
Information Visualisation,0,1996
Information Visualisation,0,1997
Information Visualisation,0,1998
Information Visualisation,0,1999
Information Visualisation,0,2000
Information Visualisation,0,2001
Information Visualisation,0,2002
Information Visualisation,0,2003
Information Visualisation,0,2004
Information Visualisation,0,2005
Information Visualisation,0,2006
Information Visualisation,0,2007
Information Visualisation,0,2008
Information Visualisation,0,2009
Information Visualisation,0,2010
Information Visualisation,0,2011
Information Visualisation,0,2012
Information Visualisation,0,2013
Information Visualisation,0,2014
Information Visualisation,0,2015
Information Visualization,0,1990
Information Visualization,0,1991
Information Visualization,0,1992
Information Visualization,0,1993
Information Visualization,0,1994
Information Visualization,0,1995
Information Visualization,2,1996
Information Visualization,4,1997
Information Visualization,4,1998
Information Visualization,0,1999
Information Visualization,6,2000
Information Visualization,0,2001
Information Visualization,3,2002
Information Visualization,12,2003
Information Visualization,4,2004
Information Visualization,7,2005
Information Visualization,3,2006
Information Visualization,0,2007
Information Visualization,3,2008
Information Visualization,4,2009
Information Visualization,2,2010
Information Visualization,4,2011
Information Visualization,0,2012
Information Visualization,0,2013
Information Visualization,2,2014
Information Visualization,0,2015
Intelligence Analysis,0,1990
Intelligence Analysis,0,1991
Intelligence Analysis,0,1992
Intelligence Analysis,0,1993
Intelligence Analysis,0,1994
Intelligence Analysis,0,1995
Intelligence Analysis,0,1996
Intelligence Analysis,0,1997
Intelligence Analysis,0,1998
Intelligence Analysis,0,1999
Intelligence Analysis,0,2000
Intelligence Analysis,0,2001
Intelligence Analysis,0,2002
Intelligence Analysis,0,2003
Intelligence Analysis,0,2004
Intelligence Analysis,0,2005
Intelligence Analysis,0,2006
Intelligence Analysis,0,2007
Intelligence Analysis,4,2008
Intelligence Analysis,0,2009
Intelligence Analysis,0,2010
Intelligence Analysis,0,2011
Intelligence Analysis,0,2012
Intelligence Analysis,0,2013
Intelligence Analysis,0,2014
Intelligence Analysis,0,2015
Interaction,0,1990
Interaction,0,1991
Interaction,0,1992
Interaction,0,1993
Interaction,0,1994
Interaction,0,1995
Interaction,0,1996
Interaction,0,1997
Interaction,0,1998
Interaction,0,1999
Interaction,0,2000
Interaction,0,2001
Interaction,0,2002
Interaction,0,2003
Interaction,0,2004
Interaction,0,2005
Interaction,0,2006
Interaction,0,2007
Interaction,3,2008
Interaction,0,2009
Interaction,4,2010
Interaction,0,2011
Interaction,0,2012
Interaction,0,2013
Interaction,5,2014
Interaction,0,2015
Interactive Visualization,3,1990
Interactive Visualization,0,1991
Interactive Visualization,0,1992
Interactive Visualization,0,1993
Interactive Visualization,0,1994
Interactive Visualization,0,1995
Interactive Visualization,4,1996
Interactive Visualization,0,1997
Interactive Visualization,0,1998
Interactive Visualization,0,1999
Interactive Visualization,0,2000
Interactive Visualization,2,2001
Interactive Visualization,4,2002
Interactive Visualization,0,2003
Interactive Visualization,0,2004
Interactive Visualization,0,2005
Interactive Visualization,0,2006
Interactive Visualization,0,2007
Interactive Visualization,6,2008
Interactive Visualization,0,2009
Interactive Visualization,0,2010
Interactive Visualization,6,2011
Interactive Visualization,6,2012
Interactive Visualization,4,2013
Interactive Visualization,0,2014
Interactive Visualization,0,2015
Internet,0,1990
Internet,0,1991
Internet,0,1992
Internet,0,1993
Internet,0,1994
Internet,11,1995
Internet,0,1996
Internet,7,1997
Internet,0,1998
Internet,0,1999
Internet,0,2000
Internet,0,2001
Internet,4,2002
Internet,2,2003
Internet,0,2004
Internet,0,2005
Internet,9,2006
Internet,12,2007
Internet,0,2008
Internet,0,2009
Internet,0,2010
Internet,0,2011
Internet,0,2012
Internet,0,2013
Internet,0,2014
Internet,0,2015
Interpolation,4,1990
Interpolation,0,1991
Interpolation,0,1992
Interpolation,0,1993
Interpolation,0,1994
Interpolation,4,1995
Interpolation,4,1996
Interpolation,0,1997
Interpolation,14,1998
Interpolation,5,1999
Interpolation,0,2000
Interpolation,0,2001
Interpolation,0,2002
Interpolation,0,2003
Interpolation,0,2004
Interpolation,5,2005
Interpolation,0,2006
Interpolation,0,2007
Interpolation,0,2008
Interpolation,0,2009
Interpolation,7,2010
Interpolation,0,2011
Interpolation,2,2012
Interpolation,6,2013
Interpolation,0,2014
Interpolation,0,2015
Isosurfaces,0,1990
Isosurfaces,0,1991
Isosurfaces,0,1992
Isosurfaces,0,1993
Isosurfaces,0,1994
Isosurfaces,0,1995
Isosurfaces,0,1996
Isosurfaces,0,1997
Isosurfaces,0,1998
Isosurfaces,0,1999
Isosurfaces,0,2000
Isosurfaces,0,2001
Isosurfaces,0,2002
Isosurfaces,6,2003
Isosurfaces,2,2004
Isosurfaces,0,2005
Isosurfaces,8,2006
Isosurfaces,0,2007
Isosurfaces,0,2008
Isosurfaces,0,2009
Isosurfaces,3,2010
Isosurfaces,0,2011
Isosurfaces,0,2012
Isosurfaces,0,2013
Isosurfaces,0,2014
Isosurfaces,0,2015
Java,0,1990
Java,0,1991
Java,0,1992
Java,0,1993
Java,0,1994
Java,0,1995
Java,0,1996
Java,0,1997
Java,3,1998
Java,3,1999
Java,3,2000
Java,2,2001
Java,0,2002
Java,0,2003
Java,0,2004
Java,0,2005
Java,0,2006
Java,0,2007
Java,0,2008
Java,0,2009
Java,0,2010
Java,0,2011
Java,0,2012
Java,0,2013
Java,0,2014
Java,0,2015
Layout,0,1990
Layout,0,1991
Layout,0,1992
Layout,0,1993
Layout,0,1994
Layout,0,1995
Layout,0,1996
Layout,0,1997
Layout,0,1998
Layout,0,1999
Layout,0,2000
Layout,0,2001
Layout,0,2002
Layout,0,2003
Layout,0,2004
Layout,0,2005
Layout,4,2006
Layout,4,2007
Layout,5,2008
Layout,4,2009
Layout,0,2010
Layout,7,2011
Layout,15,2012
Layout,14,2013
Layout,0,2014
Layout,19,2015
Lighting,0,1990
Lighting,0,1991
Lighting,0,1992
Lighting,0,1993
Lighting,0,1994
Lighting,0,1995
Lighting,0,1996
Lighting,0,1997
Lighting,0,1998
Lighting,0,1999
Lighting,0,2000
Lighting,0,2001
Lighting,0,2002
Lighting,0,2003
Lighting,5,2004
Lighting,0,2005
Lighting,0,2006
Lighting,0,2007
Lighting,0,2008
Lighting,0,2009
Lighting,0,2010
Lighting,2,2011
Lighting,2,2012
Lighting,5,2013
Lighting,0,2014
Lighting,4,2015
Machine Learning,0,1990
Machine Learning,0,1991
Machine Learning,0,1992
Machine Learning,0,1993
Machine Learning,0,1994
Machine Learning,0,1995
Machine Learning,0,1996
Machine Learning,0,1997
Machine Learning,0,1998
Machine Learning,0,1999
Machine Learning,0,2000
Machine Learning,0,2001
Machine Learning,0,2002
Machine Learning,0,2003
Machine Learning,0,2004
Machine Learning,0,2005
Machine Learning,0,2006
Machine Learning,0,2007
Machine Learning,0,2008
Machine Learning,0,2009
Machine Learning,4,2010
Machine Learning,0,2011
Machine Learning,0,2012
Machine Learning,0,2013
Machine Learning,0,2014
Machine Learning,0,2015
Marching Cubes,0,1990
Marching Cubes,2,1991
Marching Cubes,0,1992
Marching Cubes,0,1993
Marching Cubes,0,1994
Marching Cubes,0,1995
Marching Cubes,0,1996
Marching Cubes,0,1997
Marching Cubes,0,1998
Marching Cubes,0,1999
Marching Cubes,0,2000
Marching Cubes,0,2001
Marching Cubes,0,2002
Marching Cubes,4,2003
Marching Cubes,0,2004
Marching Cubes,0,2005
Marching Cubes,0,2006
Marching Cubes,0,2007
Marching Cubes,0,2008
Marching Cubes,0,2009
Marching Cubes,0,2010
Marching Cubes,0,2011
Marching Cubes,0,2012
Marching Cubes,0,2013
Marching Cubes,0,2014
Marching Cubes,0,2015
Media,0,1990
Media,0,1991
Media,0,1992
Media,0,1993
Media,0,1994
Media,0,1995
Media,0,1996
Media,0,1997
Media,0,1998
Media,0,1999
Media,0,2000
Media,0,2001
Media,0,2002
Media,0,2003
Media,0,2004
Media,0,2005
Media,0,2006
Media,0,2007
Media,0,2008
Media,0,2009
Media,0,2010
Media,0,2011
Media,0,2012
Media,0,2013
Media,5,2014
Media,3,2015
Mesh Generation,0,1990
Mesh Generation,0,1991
Mesh Generation,0,1992
Mesh Generation,0,1993
Mesh Generation,0,1994
Mesh Generation,0,1995
Mesh Generation,0,1996
Mesh Generation,0,1997
Mesh Generation,0,1998
Mesh Generation,0,1999
Mesh Generation,0,2000
Mesh Generation,0,2001
Mesh Generation,0,2002
Mesh Generation,0,2003
Mesh Generation,0,2004
Mesh Generation,14,2005
Mesh Generation,0,2006
Mesh Generation,0,2007
Mesh Generation,0,2008
Mesh Generation,0,2009
Mesh Generation,0,2010
Mesh Generation,0,2011
Mesh Generation,0,2012
Mesh Generation,0,2013
Mesh Generation,0,2014
Mesh Generation,0,2015
Multivariate Data Visualization,0,1990
Multivariate Data Visualization,0,1991
Multivariate Data Visualization,0,1992
Multivariate Data Visualization,0,1993
Multivariate Data Visualization,0,1994
Multivariate Data Visualization,0,1995
Multivariate Data Visualization,4,1996
Multivariate Data Visualization,0,1997
Multivariate Data Visualization,0,1998
Multivariate Data Visualization,0,1999
Multivariate Data Visualization,0,2000
Multivariate Data Visualization,0,2001
Multivariate Data Visualization,0,2002
Multivariate Data Visualization,0,2003
Multivariate Data Visualization,0,2004
Multivariate Data Visualization,0,2005
Multivariate Data Visualization,0,2006
Multivariate Data Visualization,0,2007
Multivariate Data Visualization,0,2008
Multivariate Data Visualization,0,2009
Multivariate Data Visualization,0,2010
Multivariate Data Visualization,0,2011
Multivariate Data Visualization,0,2012
Multivariate Data Visualization,0,2013
Multivariate Data Visualization,0,2014
Multivariate Data Visualization,0,2015
Nasa,0,1990
Nasa,0,1991
Nasa,0,1992
Nasa,0,1993
Nasa,9,1994
Nasa,0,1995
Nasa,0,1996
Nasa,0,1997
Nasa,0,1998
Nasa,0,1999
Nasa,0,2000
Nasa,0,2001
Nasa,0,2002
Nasa,0,2003
Nasa,0,2004
Nasa,0,2005
Nasa,0,2006
Nasa,0,2007
Nasa,0,2008
Nasa,0,2009
Nasa,0,2010
Nasa,0,2011
Nasa,0,2012
Nasa,0,2013
Nasa,0,2014
Nasa,0,2015
Navigation,0,1990
Navigation,0,1991
Navigation,0,1992
Navigation,2,1993
Navigation,0,1994
Navigation,0,1995
Navigation,0,1996
Navigation,0,1997
Navigation,0,1998
Navigation,0,1999
Navigation,0,2000
Navigation,0,2001
Navigation,0,2002
Navigation,0,2003
Navigation,16,2004
Navigation,0,2005
Navigation,12,2006
Navigation,12,2007
Navigation,10,2008
Navigation,0,2009
Navigation,0,2010
Navigation,3,2011
Navigation,0,2012
Navigation,4,2013
Navigation,0,2014
Navigation,0,2015
Parallel Architectures,0,1990
Parallel Architectures,3,1991
Parallel Architectures,0,1992
Parallel Architectures,0,1993
Parallel Architectures,0,1994
Parallel Architectures,0,1995
Parallel Architectures,0,1996
Parallel Architectures,0,1997
Parallel Architectures,0,1998
Parallel Architectures,0,1999
Parallel Architectures,0,2000
Parallel Architectures,0,2001
Parallel Architectures,0,2002
Parallel Architectures,0,2003
Parallel Architectures,0,2004
Parallel Architectures,0,2005
Parallel Architectures,0,2006
Parallel Architectures,0,2007
Parallel Architectures,0,2008
Parallel Architectures,0,2009
Parallel Architectures,0,2010
Parallel Architectures,0,2011
Parallel Architectures,0,2012
Parallel Architectures,0,2013
Parallel Architectures,0,2014
Parallel Architectures,0,2015
Particle Tracing,0,1990
Particle Tracing,0,1991
Particle Tracing,0,1992
Particle Tracing,0,1993
Particle Tracing,0,1994
Particle Tracing,2,1995
Particle Tracing,0,1996
Particle Tracing,0,1997
Particle Tracing,0,1998
Particle Tracing,0,1999
Particle Tracing,0,2000
Particle Tracing,0,2001
Particle Tracing,0,2002
Particle Tracing,0,2003
Particle Tracing,0,2004
Particle Tracing,0,2005
Particle Tracing,0,2006
Particle Tracing,0,2007
Particle Tracing,0,2008
Particle Tracing,0,2009
Particle Tracing,0,2010
Particle Tracing,0,2011
Particle Tracing,0,2012
Particle Tracing,0,2013
Particle Tracing,0,2014
Particle Tracing,0,2015
Radial Visualization,0,1990
Radial Visualization,0,1991
Radial Visualization,0,1992
Radial Visualization,0,1993
Radial Visualization,0,1994
Radial Visualization,0,1995
Radial Visualization,0,1996
Radial Visualization,0,1997
Radial Visualization,0,1998
Radial Visualization,0,1999
Radial Visualization,0,2000
Radial Visualization,0,2001
Radial Visualization,0,2002
Radial Visualization,0,2003
Radial Visualization,0,2004
Radial Visualization,0,2005
Radial Visualization,0,2006
Radial Visualization,0,2007
Radial Visualization,0,2008
Radial Visualization,0,2009
Radial Visualization,4,2010
Radial Visualization,0,2011
Radial Visualization,0,2012
Radial Visualization,0,2013
Radial Visualization,0,2014
Radial Visualization,0,2015
Ray Tracing,0,1990
Ray Tracing,0,1991
Ray Tracing,0,1992
Ray Tracing,0,1993
Ray Tracing,0,1994
Ray Tracing,5,1995
Ray Tracing,0,1996
Ray Tracing,0,1997
Ray Tracing,4,1998
Ray Tracing,2,1999
Ray Tracing,3,2000
Ray Tracing,0,2001
Ray Tracing,0,2002
Ray Tracing,0,2003
Ray Tracing,0,2004
Ray Tracing,0,2005
Ray Tracing,0,2006
Ray Tracing,0,2007
Ray Tracing,0,2008
Ray Tracing,0,2009
Ray Tracing,0,2010
Ray Tracing,0,2011
Ray Tracing,0,2012
Ray Tracing,0,2013
Ray Tracing,0,2014
Ray Tracing,0,2015
Remote Sensing,0,1990
Remote Sensing,0,1991
Remote Sensing,0,1992
Remote Sensing,0,1993
Remote Sensing,0,1994
Remote Sensing,2,1995
Remote Sensing,0,1996
Remote Sensing,0,1997
Remote Sensing,0,1998
Remote Sensing,0,1999
Remote Sensing,0,2000
Remote Sensing,0,2001
Remote Sensing,0,2002
Remote Sensing,0,2003
Remote Sensing,0,2004
Remote Sensing,0,2005
Remote Sensing,0,2006
Remote Sensing,0,2007
Remote Sensing,0,2008
Remote Sensing,0,2009
Remote Sensing,0,2010
Remote Sensing,0,2011
Remote Sensing,0,2012
Remote Sensing,0,2013
Remote Sensing,0,2014
Remote Sensing,0,2015
Rendering,3,1990
Rendering,3,1991
Rendering,2,1992
Rendering,2,1993
Rendering,4,1994
Rendering,2,1995
Rendering,0,1996
Rendering,3,1997
Rendering,5,1998
Rendering,4,1999
Rendering,6,2000
Rendering,3,2001
Rendering,9,2002
Rendering,0,2003
Rendering,0,2004
Rendering,0,2005
Rendering,0,2006
Rendering,2,2007
Rendering,0,2008
Rendering,0,2009
Rendering,0,2010
Rendering,0,2011
Rendering,0,2012
Rendering,0,2013
Rendering,0,2014
Rendering,0,2015
Scattering,0,1990
Scattering,0,1991
Scattering,0,1992
Scattering,0,1993
Scattering,0,1994
Scattering,0,1995
Scattering,5,1996
Scattering,0,1997
Scattering,0,1998
Scattering,0,1999
Scattering,0,2000
Scattering,0,2001
Scattering,0,2002
Scattering,0,2003
Scattering,0,2004
Scattering,0,2005
Scattering,0,2006
Scattering,0,2007
Scattering,0,2008
Scattering,9,2009
Scattering,0,2010
Scattering,0,2011
Scattering,0,2012
Scattering,0,2013
Scattering,0,2014
Scattering,0,2015
Scientific Visualization,3,1990
Scientific Visualization,4,1991
Scientific Visualization,2,1992
Scientific Visualization,0,1993
Scientific Visualization,0,1994
Scientific Visualization,0,1995
Scientific Visualization,8,1996
Scientific Visualization,4,1997
Scientific Visualization,0,1998
Scientific Visualization,0,1999
Scientific Visualization,0,2000
Scientific Visualization,0,2001
Scientific Visualization,0,2002
Scientific Visualization,2,2003
Scientific Visualization,0,2004
Scientific Visualization,0,2005
Scientific Visualization,0,2006
Scientific Visualization,0,2007
Scientific Visualization,0,2008
Scientific Visualization,0,2009
Scientific Visualization,0,2010
Scientific Visualization,0,2011
Scientific Visualization,0,2012
Scientific Visualization,0,2013
Scientific Visualization,0,2014
Scientific Visualization,0,2015
Semantics,0,1990
Semantics,0,1991
Semantics,0,1992
Semantics,0,1993
Semantics,0,1994
Semantics,0,1995
Semantics,0,1996
Semantics,0,1997
Semantics,0,1998
Semantics,0,1999
Semantics,0,2000
Semantics,0,2001
Semantics,0,2002
Semantics,0,2003
Semantics,0,2004
Semantics,0,2005
Semantics,0,2006
Semantics,0,2007
Semantics,0,2008
Semantics,0,2009
Semantics,0,2010
Semantics,9,2011
Semantics,0,2012
Semantics,5,2013
Semantics,0,2014
Semantics,0,2015
Shape,9,1990
Shape,0,1991
Shape,0,1992
Shape,0,1993
Shape,0,1994
Shape,0,1995
Shape,0,1996
Shape,0,1997
Shape,0,1998
Shape,0,1999
Shape,0,2000
Shape,0,2001
Shape,0,2002
Shape,6,2003
Shape,0,2004
Shape,0,2005
Shape,16,2006
Shape,4,2007
Shape,10,2008
Shape,12,2009
Shape,14,2010
Shape,0,2011
Shape,0,2012
Shape,0,2013
Shape,0,2014
Shape,0,2015
Software,0,1990
Software,0,1991
Software,0,1992
Software,0,1993
Software,0,1994
Software,0,1995
Software,0,1996
Software,0,1997
Software,0,1998
Software,0,1999
Software,0,2000
Software,0,2001
Software,0,2002
Software,0,2003
Software,0,2004
Software,0,2005
Software,7,2006
Software,0,2007
Software,0,2008
Software,0,2009
Software,0,2010
Software,0,2011
Software,0,2012
Software,8,2013
Software,0,2014
Software,0,2015
Software Tools,0,1990
Software Tools,3,1991
Software Tools,0,1992
Software Tools,0,1993
Software Tools,0,1994
Software Tools,0,1995
Software Tools,0,1996
Software Tools,0,1997
Software Tools,0,1998
Software Tools,0,1999
Software Tools,0,2000
Software Tools,0,2001
Software Tools,0,2002
Software Tools,0,2003
Software Tools,0,2004
Software Tools,0,2005
Software Tools,0,2006
Software Tools,0,2007
Software Tools,0,2008
Software Tools,0,2009
Software Tools,0,2010
Software Tools,0,2011
Software Tools,0,2012
Software Tools,0,2013
Software Tools,0,2014
Software Tools,0,2015
Spline,4,1990
Spline,0,1991
Spline,0,1992
Spline,0,1993
Spline,0,1994
Spline,0,1995
Spline,0,1996
Spline,0,1997
Spline,0,1998
Spline,0,1999
Spline,0,2000
Spline,0,2001
Spline,0,2002
Spline,0,2003
Spline,0,2004
Spline,0,2005
Spline,2,2006
Spline,0,2007
Spline,0,2008
Spline,0,2009
Spline,0,2010
Spline,0,2011
Spline,0,2012
Spline,0,2013
Spline,0,2014
Spline,0,2015
Sport,0,1990
Sport,0,1991
Sport,0,1992
Sport,0,1993
Sport,0,1994
Sport,0,1995
Sport,0,1996
Sport,0,1997
Sport,0,1998
Sport,0,1999
Sport,0,2000
Sport,0,2001
Sport,0,2002
Sport,0,2003
Sport,0,2004
Sport,0,2005
Sport,0,2006
Sport,0,2007
Sport,0,2008
Sport,0,2009
Sport,0,2010
Sport,0,2011
Sport,0,2012
Sport,0,2013
Sport,3,2014
Sport,0,2015
Statistics,0,1990
Statistics,0,1991
Statistics,0,1992
Statistics,0,1993
Statistics,0,1994
Statistics,0,1995
Statistics,0,1996
Statistics,0,1997
Statistics,0,1998
Statistics,0,1999
Statistics,0,2000
Statistics,0,2001
Statistics,0,2002
Statistics,0,2003
Statistics,0,2004
Statistics,0,2005
Statistics,2,2006
Statistics,0,2007
Statistics,5,2008
Statistics,0,2009
Statistics,0,2010
Statistics,0,2011
Statistics,0,2012
Statistics,0,2013
Statistics,0,2014
Statistics,0,2015
Supercomputers,0,1990
Supercomputers,2,1991
Supercomputers,0,1992
Supercomputers,0,1993
Supercomputers,0,1994
Supercomputers,0,1995
Supercomputers,0,1996
Supercomputers,0,1997
Supercomputers,0,1998
Supercomputers,0,1999
Supercomputers,0,2000
Supercomputers,0,2001
Supercomputers,0,2002
Supercomputers,0,2003
Supercomputers,0,2004
Supercomputers,0,2005
Supercomputers,0,2006
Supercomputers,0,2007
Supercomputers,0,2008
Supercomputers,0,2009
Supercomputers,0,2010
Supercomputers,0,2011
Supercomputers,0,2012
Supercomputers,0,2013
Supercomputers,0,2014
Supercomputers,0,2015
Surface Reconstruction,0,1990
Surface Reconstruction,0,1991
Surface Reconstruction,0,1992
Surface Reconstruction,0,1993
Surface Reconstruction,0,1994
Surface Reconstruction,0,1995
Surface Reconstruction,0,1996
Surface Reconstruction,0,1997
Surface Reconstruction,8,1998
Surface Reconstruction,0,1999
Surface Reconstruction,0,2000
Surface Reconstruction,0,2001
Surface Reconstruction,0,2002
Surface Reconstruction,3,2003
Surface Reconstruction,6,2004
Surface Reconstruction,6,2005
Surface Reconstruction,0,2006
Surface Reconstruction,0,2007
Surface Reconstruction,0,2008
Surface Reconstruction,0,2009
Surface Reconstruction,0,2010
Surface Reconstruction,0,2011
Surface Reconstruction,0,2012
Surface Reconstruction,0,2013
Surface Reconstruction,0,2014
Surface Reconstruction,0,2015
Taxonomy,0,1990
Taxonomy,0,1991
Taxonomy,0,1992
Taxonomy,0,1993
Taxonomy,0,1994
Taxonomy,0,1995
Taxonomy,0,1996
Taxonomy,0,1997
Taxonomy,0,1998
Taxonomy,0,1999
Taxonomy,0,2000
Taxonomy,0,2001
Taxonomy,0,2002
Taxonomy,0,2003
Taxonomy,2,2004
Taxonomy,0,2005
Taxonomy,0,2006
Taxonomy,5,2007
Taxonomy,0,2008
Taxonomy,0,2009
Taxonomy,0,2010
Taxonomy,0,2011
Taxonomy,3,2012
Taxonomy,5,2013
Taxonomy,0,2014
Taxonomy,0,2015
Teaching,0,1990
Teaching,0,1991
Teaching,3,1992
Teaching,0,1993
Teaching,0,1994
Teaching,0,1995
Teaching,0,1996
Teaching,0,1997
Teaching,0,1998
Teaching,0,1999
Teaching,0,2000
Teaching,0,2001
Teaching,0,2002
Teaching,0,2003
Teaching,0,2004
Teaching,0,2005
Teaching,0,2006
Teaching,0,2007
Teaching,0,2008
Teaching,0,2009
Teaching,0,2010
Teaching,0,2011
Teaching,0,2012
Teaching,0,2013
Teaching,0,2014
Teaching,0,2015
Text Analysis,0,1990
Text Analysis,0,1991
Text Analysis,0,1992
Text Analysis,0,1993
Text Analysis,0,1994
Text Analysis,0,1995
Text Analysis,0,1996
Text Analysis,0,1997
Text Analysis,0,1998
Text Analysis,0,1999
Text Analysis,0,2000
Text Analysis,0,2001
Text Analysis,0,2002
Text Analysis,0,2003
Text Analysis,0,2004
Text Analysis,0,2005
Text Analysis,0,2006
Text Analysis,12,2007
Text Analysis,0,2008
Text Analysis,0,2009
Text Analysis,0,2010
Text Analysis,0,2011
Text Analysis,0,2012
Text Analysis,0,2013
Text Analysis,0,2014
Text Analysis,0,2015
Texture Mapping,0,1990
Texture Mapping,0,1991
Texture Mapping,0,1992
Texture Mapping,0,1993
Texture Mapping,0,1994
Texture Mapping,0,1995
Texture Mapping,0,1996
Texture Mapping,0,1997
Texture Mapping,2,1998
Texture Mapping,0,1999
Texture Mapping,0,2000
Texture Mapping,0,2001
Texture Mapping,3,2002
Texture Mapping,0,2003
Texture Mapping,0,2004
Texture Mapping,0,2005
Texture Mapping,0,2006
Texture Mapping,0,2007
Texture Mapping,0,2008
Texture Mapping,0,2009
Texture Mapping,0,2010
Texture Mapping,0,2011
Texture Mapping,0,2012
Texture Mapping,0,2013
Texture Mapping,0,2014
Texture Mapping,0,2015
Time Series,0,1990
Time Series,0,1991
Time Series,0,1992
Time Series,0,1993
Time Series,0,1994
Time Series,0,1995
Time Series,0,1996
Time Series,0,1997
Time Series,0,1998
Time Series,2,1999
Time Series,0,2000
Time Series,0,2001
Time Series,0,2002
Time Series,0,2003
Time Series,0,2004
Time Series,3,2005
Time Series,0,2006
Time Series,0,2007
Time Series,3,2008
Time Series,7,2009
Time Series,4,2010
Time Series,0,2011
Time Series,8,2012
Time Series,0,2013
Time Series,0,2014
Time Series,9,2015
Topology,0,1990
Topology,0,1991
Topology,0,1992
Topology,0,1993
Topology,4,1994
Topology,0,1995
Topology,0,1996
Topology,2,1997
Topology,5,1998
Topology,5,1999
Topology,14,2000
Topology,3,2001
Topology,3,2002
Topology,0,2003
Topology,11,2004
Topology,10,2005
Topology,0,2006
Topology,9,2007
Topology,0,2008
Topology,0,2009
Topology,2,2010
Topology,6,2011
Topology,0,2012
Topology,0,2013
Topology,0,2014
Topology,3,2015
Tracking,0,1990
Tracking,0,1991
Tracking,0,1992
Tracking,0,1993
Tracking,0,1994
Tracking,0,1995
Tracking,0,1996
Tracking,0,1997
Tracking,0,1998
Tracking,0,1999
Tracking,0,2000
Tracking,0,2001
Tracking,0,2002
Tracking,0,2003
Tracking,0,2004
Tracking,2,2005
Tracking,0,2006
Tracking,2,2007
Tracking,0,2008
Tracking,0,2009
Tracking,0,2010
Tracking,0,2011
Tracking,2,2012
Tracking,6,2013
Tracking,3,2014
Tracking,0,2015
Trajectory,0,1990
Trajectory,0,1991
Trajectory,0,1992
Trajectory,0,1993
Trajectory,0,1994
Trajectory,0,1995
Trajectory,0,1996
Trajectory,0,1997
Trajectory,0,1998
Trajectory,0,1999
Trajectory,0,2000
Trajectory,0,2001
Trajectory,0,2002
Trajectory,0,2003
Trajectory,0,2004
Trajectory,0,2005
Trajectory,0,2006
Trajectory,0,2007
Trajectory,0,2008
Trajectory,0,2009
Trajectory,0,2010
Trajectory,0,2011
Trajectory,6,2012
Trajectory,10,2013
Trajectory,7,2014
Trajectory,4,2015
Transfer Functions,0,1990
Transfer Functions,0,1991
Transfer Functions,0,1992
Transfer Functions,0,1993
Transfer Functions,0,1994
Transfer Functions,0,1995
Transfer Functions,0,1996
Transfer Functions,0,1997
Transfer Functions,0,1998
Transfer Functions,0,1999
Transfer Functions,0,2000
Transfer Functions,5,2001
Transfer Functions,0,2002
Transfer Functions,6,2003
Transfer Functions,3,2004
Transfer Functions,7,2005
Transfer Functions,0,2006
Transfer Functions,0,2007
Transfer Functions,0,2008
Transfer Functions,0,2009
Transfer Functions,0,2010
Transfer Functions,0,2011
Transfer Functions,0,2012
Transfer Functions,0,2013
Transfer Functions,0,2014
Transfer Functions,0,2015
Twitter,0,1990
Twitter,0,1991
Twitter,0,1992
Twitter,0,1993
Twitter,0,1994
Twitter,0,1995
Twitter,0,1996
Twitter,0,1997
Twitter,0,1998
Twitter,0,1999
Twitter,0,2000
Twitter,0,2001
Twitter,0,2002
Twitter,0,2003
Twitter,0,2004
Twitter,0,2005
Twitter,0,2006
Twitter,0,2007
Twitter,0,2008
Twitter,0,2009
Twitter,0,2010
Twitter,3,2011
Twitter,0,2012
Twitter,0,2013
Twitter,8,2014
Twitter,0,2015
Uncertainty,0,1990
Uncertainty,0,1991
Uncertainty,0,1992
Uncertainty,0,1993
Uncertainty,0,1994
Uncertainty,0,1995
Uncertainty,0,1996
Uncertainty,0,1997
Uncertainty,0,1998
Uncertainty,0,1999
Uncertainty,0,2000
Uncertainty,0,2001
Uncertainty,0,2002
Uncertainty,0,2003
Uncertainty,0,2004
Uncertainty,0,2005
Uncertainty,0,2006
Uncertainty,5,2007
Uncertainty,0,2008
Uncertainty,7,2009
Uncertainty,5,2010
Uncertainty,4,2011
Uncertainty,5,2012
Uncertainty,10,2013
Uncertainty,0,2014
Uncertainty,15,2015
Unstructured Grid,0,1990
Unstructured Grid,0,1991
Unstructured Grid,0,1992
Unstructured Grid,0,1993
Unstructured Grid,0,1994
Unstructured Grid,0,1995
Unstructured Grid,0,1996
Unstructured Grid,0,1997
Unstructured Grid,0,1998
Unstructured Grid,0,1999
Unstructured Grid,0,2000
Unstructured Grid,3,2001
Unstructured Grid,0,2002
Unstructured Grid,0,2003
Unstructured Grid,0,2004
Unstructured Grid,0,2005
Unstructured Grid,0,2006
Unstructured Grid,0,2007
Unstructured Grid,0,2008
Unstructured Grid,0,2009
Unstructured Grid,0,2010
Unstructured Grid,0,2011
Unstructured Grid,0,2012
Unstructured Grid,0,2013
Unstructured Grid,0,2014
Unstructured Grid,0,2015
Vector Field,0,1990
Vector Field,0,1991
Vector Field,0,1992
Vector Field,0,1993
Vector Field,0,1994
Vector Field,0,1995
Vector Field,4,1996
Vector Field,0,1997
Vector Field,0,1998
Vector Field,0,1999
Vector Field,0,2000
Vector Field,0,2001
Vector Field,0,2002
Vector Field,0,2003
Vector Field,0,2004
Vector Field,0,2005
Vector Field,0,2006
Vector Field,0,2007
Vector Field,0,2008
Vector Field,0,2009
Vector Field,0,2010
Vector Field,0,2011
Vector Field,0,2012
Vector Field,0,2013
Vector Field,0,2014
Vector Field,2,2015
Vectors,0,1990
Vectors,0,1991
Vectors,0,1992
Vectors,0,1993
Vectors,0,1994
Vectors,0,1995
Vectors,0,1996
Vectors,4,1997
Vectors,0,1998
Vectors,2,1999
Vectors,0,2000
Vectors,0,2001
Vectors,0,2002
Vectors,0,2003
Vectors,3,2004
Vectors,0,2005
Vectors,0,2006
Vectors,0,2007
Vectors,0,2008
Vectors,0,2009
Vectors,0,2010
Vectors,0,2011
Vectors,0,2012
Vectors,0,2013
Vectors,4,2014
Vectors,0,2015
Virtual Reality,0,1990
Virtual Reality,0,1991
Virtual Reality,0,1992
Virtual Reality,0,1993
Virtual Reality,9,1994
Virtual Reality,0,1995
Virtual Reality,0,1996
Virtual Reality,6,1997
Virtual Reality,7,1998
Virtual Reality,0,1999
Virtual Reality,6,2000
Virtual Reality,0,2001
Virtual Reality,0,2002
Virtual Reality,0,2003
Virtual Reality,0,2004
Virtual Reality,0,2005
Virtual Reality,0,2006
Virtual Reality,0,2007
Virtual Reality,0,2008
Virtual Reality,0,2009
Virtual Reality,0,2010
Virtual Reality,0,2011
Virtual Reality,0,2012
Virtual Reality,0,2013
Virtual Reality,0,2014
Virtual Reality,0,2015
Volume Rendering,2,1990
Volume Rendering,0,1991
Volume Rendering,0,1992
Volume Rendering,2,1993
Volume Rendering,5,1994
Volume Rendering,6,1995
Volume Rendering,5,1996
Volume Rendering,6,1997
Volume Rendering,0,1998
Volume Rendering,0,1999
Volume Rendering,0,2000
Volume Rendering,4,2001
Volume Rendering,4,2002
Volume Rendering,7,2003
Volume Rendering,5,2004
Volume Rendering,4,2005
Volume Rendering,3,2006
Volume Rendering,0,2007
Volume Rendering,2,2008
Volume Rendering,4,2009
Volume Rendering,0,2010
Volume Rendering,0,2011
Volume Rendering,0,2012
Volume Rendering,0,2013
Volume Rendering,0,2014
Volume Rendering,0,2015
Volume Visualization,0,1990
Volume Visualization,2,1991
Volume Visualization,0,1992
Volume Visualization,0,1993
Volume Visualization,0,1994
Volume Visualization,0,1995
Volume Visualization,0,1996
Volume Visualization,0,1997
Volume Visualization,4,1998
Volume Visualization,0,1999
Volume Visualization,0,2000
Volume Visualization,0,2001
Volume Visualization,0,2002
Volume Visualization,6,2003
Volume Visualization,0,2004
Volume Visualization,2,2005
Volume Visualization,0,2006
Volume Visualization,0,2007
Volume Visualization,0,2008
Volume Visualization,0,2009
Volume Visualization,0,2010
Volume Visualization,0,2011
Volume Visualization,0,2012
Volume Visualization,0,2013
Volume Visualization,0,2014
Volume Visualization,0,2015
Volumetric Data,0,1990
Volumetric Data,0,1991
Volumetric Data,2,1992
Volumetric Data,0,1993
Volumetric Data,0,1994
Volumetric Data,0,1995
Volumetric Data,0,1996
Volumetric Data,0,1997
Volumetric Data,0,1998
Volumetric Data,0,1999
Volumetric Data,0,2000
Volumetric Data,2,2001
Volumetric Data,0,2002
Volumetric Data,0,2003
Volumetric Data,0,2004
Volumetric Data,0,2005
Volumetric Data,0,2006
Volumetric Data,0,2007
Volumetric Data,0,2008
Volumetric Data,0,2009
Volumetric Data,0,2010
Volumetric Data,0,2011
Volumetric Data,0,2012
Volumetric Data,0,2013
Volumetric Data,0,2014
Volumetric Data,0,2015
Web Sites,0,1990
Web Sites,0,1991
Web Sites,0,1992
Web Sites,0,1993
Web Sites,0,1994
Web Sites,0,1995
Web Sites,0,1996
Web Sites,0,1997
Web Sites,0,1998
Web Sites,3,1999
Web Sites,0,2000
Web Sites,0,2001
Web Sites,0,2002
Web Sites,0,2003
Web Sites,0,2004
Web Sites,0,2005
Web Sites,0,2006
Web Sites,0,2007
Web Sites,0,2008
Web Sites,0,2009
Web Sites,0,2010
Web Sites,0,2011
Web Sites,0,2012
Web Sites,0,2013
Web Sites,0,2014
Web Sites,0,2015
Workstations,0,1990
Workstations,0,1991
Workstations,0,1992
Workstations,3,1993
Workstations,0,1994
Workstations,0,1995
Workstations,0,1996
Workstations,0,1997
Workstations,0,1998
Workstations,0,1999
Workstations,0,2000
Workstations,0,2001
Workstations,0,2002
Workstations,0,2003
Workstations,0,2004
Workstations,0,2005
Workstations,0,2006
Workstations,0,2007
Workstations,0,2008
Workstations,0,2009
Workstations,0,2010
Workstations,0,2011
Workstations,0,2012
Workstations,0,2013
Workstations,0,2014
Workstations,0,2015
